{
  "config": {
    "ignore_stop_words": true,
    "max_pattern_length": 1000,
    "max_queries": 500,
    "unit_name": "deterministic_intent_parser"
  },
  "group_names_to_slot_names": {
    "group0": "city"
  },
  "language_code": "en",
  "patterns": {
    "bezzam:feeling_alright": [
      "^\\s*i\\s*am\\s*$",
      "^\\s*i\\s*m\\s*$",
      "^\\s*not\\s*bad\\s*$",
      "^\\s*i\\s*m\\s*doing\\s*$",
      "^\\s*i\\s*m\\s*feeling\\s*$"
    ],
    "bezzam:feeling_bad": [
      "^\\s*i\\s*am\\s*not\\s*doing\\s*great\\s*$",
      "^\\s*not\\s*good\\s*$",
      "^\\s*i\\s*m\\s*feeling\\s*bad\\s*$",
      "^\\s*terrible\\s*$",
      "^\\s*i\\s*m\\s*not\\s*feeling\\s*good\\s*$",
      "^\\s*not\\s*great\\s*$"
    ],
    "bezzam:feeling_good": [
      "^\\s*i\\s*am\\s*feeling\\s*great\\s*$",
      "^\\s*i\\s*m\\s*feeling\\s*good\\s*$",
      "^\\s*excited\\s*for\\s*day\\s*$",
      "^\\s*pretty\\s*good\\s*$",
      "^\\s*great\\s*$",
      "^\\s*i\\s*m\\s*doing\\s*great\\s*$"
    ],
    "bezzam:get_temperature": [
      "^\\s*how\\s*cold\\s*is\\s*it\\s*in\\s*(?P<group0>%LOCALITY%)\\s*$",
      "^\\s*how\\s*hot\\s*is\\s*it\\s*in\\s*(?P<group0>%LOCALITY%)\\s*$",
      "^\\s*what\\s*is\\s*temperature\\s*in\\s*(?P<group0>%LOCALITY%)\\s*$",
      "^\\s*how\\s*s\\s*weather\\s*in\\s*(?P<group0>%LOCALITY%)\\s*$",
      "^\\s*what\\s*is\\s*it\\s*like\\s*in\\s*(?P<group0>%LOCALITY%)\\s*$",
      "^\\s*what\\s*s\\s*weather\\s*in\\s*(?P<group0>%LOCALITY%)\\s*$"
    ],
    "bezzam:how_are_you": [
      "^\\s*how\\s*s\\s*it\\s*hanging\\s*$",
      "^\\s*how\\s*is\\s*it\\s*going\\s*$",
      "^\\s*are\\s*feeling\\s*$",
      "^\\s*what\\s*s\\s*up\\s*$",
      "^\\s*how\\s*are\\s*feeling\\s*$",
      "^\\s*how\\s*are\\s*$"
    ]
  },
  "slot_names_to_entities": {
    "bezzam:feeling_alright": {},
    "bezzam:feeling_bad": {},
    "bezzam:feeling_good": {},
    "bezzam:get_temperature": {
      "city": "locality"
    },
    "bezzam:how_are_you": {}
  }
}