{
  "id" : "proj_DEdqA3YNMyn",
  "name" : "Snips workshop",
  "intents" : [ {
    "id" : "bezzam:get_temperature",
    "type" : "registry",
    "version" : "0.11.0",
    "language" : "en",
    "slots" : [ {
      "name" : "city",
      "id" : "d3K655Cgh",
      "entityId" : "entity_gyN7Krlx5BBl",
      "missingQuestion" : "In which city?",
      "required" : true
    } ],
    "name" : "get_temperature",
    "enabledByDefault" : true
  }, {
    "id" : "bezzam:feeling_good",
    "type" : "registry",
    "version" : "0.4.0",
    "language" : "en",
    "slots" : [ ],
    "name" : "feeling_good",
    "enabledByDefault" : false
  }, {
    "id" : "bezzam:how_are_you",
    "type" : "registry",
    "version" : "0.3.0",
    "language" : "en",
    "slots" : [ ],
    "name" : "how_are_you",
    "enabledByDefault" : true
  }, {
    "id" : "bezzam:feeling_bad",
    "type" : "registry",
    "version" : "0.2.0",
    "language" : "en",
    "slots" : [ ],
    "name" : "feeling_bad",
    "enabledByDefault" : false
  }, {
    "id" : "bezzam:feeling_alright",
    "type" : "registry",
    "version" : "0.2.0",
    "language" : "en",
    "slots" : [ ],
    "name" : "feeling_alright",
    "enabledByDefault" : false
  } ],
  "createdAt" : "2019-03-31T21:10:00.123Z",
  "language" : "en",
  "version" : {
    "nluModel" : "0.19.0"
  },
  "platform" : {
    "type" : "raspberrypi"
  },
  "asr" : {
    "type" : "snips"
  },
  "analyticsEnabled" : true,
  "heartbeatEnabled" : true,
  "hotword" : "hey_snips"
}